month,average_abs_odds_difference
0,0.9304999999999999
1,0.9145
2,0.9315
3,0.907
4,0.842
5,0.9179999999999999
6,0.9505
7,0.9039999999999999
8,0.917
9,0.8900000000000001
10,0.808
11,0.9595
