month,average_abs_odds_difference
0,0.9135000000000001
1,0.9764999999999999
2,0.8955
3,0.9595
4,0.8425
5,0.9594999999999999
6,0.8700000000000001
7,0.886
8,0.8590000000000001
9,0.8375
10,0.6519999999999999
11,0.8899999999999999
