month,average_abs_odds_difference
0,0.913
1,0.9239999999999999
2,0.9129999999999999
3,0.9450000000000001
4,0.8320000000000001
5,0.8835
6,0.841
7,0.8935000000000001
8,0.9595
9,0.8325
10,0.8145
11,0.8534999999999999
