month,DI_all_new_approved_applications,AOD_1000_random_approved_applications
0,0.9335443037974684,0.9305
1,0.9158004158004158,0.9145
2,0.931362196409715,0.9315
3,0.911340206185567,0.907
4,0.957516339869281,0.842
5,0.9406150583244964,0.918
6,0.93446088794926,0.9505
7,0.947872340425532,0.904
8,0.9208333333333334,0.917
9,0.9414270500532482,0.8900000000000001
10,0.9103092783505154,0.808
11,0.9417372881355932,0.9595
