month,DI_all_new_approved_applications,AOD_1000_random_approved_applications
0,0.9267782426778244,0.913
1,0.9142561983471076,0.924
2,0.930672268907563,0.913
3,0.9041237113402062,0.945
4,0.9443254817987152,0.8320000000000001
5,0.9367088607594938,0.8835
6,0.922675026123302,0.841
7,0.9365750528541228,0.8935000000000001
8,0.931434599156118,0.9595
9,0.9252631578947368,0.8325
10,0.911340206185567,0.8145
11,0.9361022364217252,0.8534999999999999
