month,DI_all_new_approved_applications,AOD_1000_random_approved_applications
0,0.9375661375661376,0.9135
1,0.9124613800205974,0.9765
2,0.9366420274551216,0.8955
3,0.9532412327311371,0.9595
4,0.928194297782471,0.8425
5,0.943436499466382,0.9595
6,0.9535135135135134,0.8700000000000001
7,0.9320083682008368,0.886
8,0.9184726522187824,0.8590000000000001
9,0.9439746300211416,0.8375
10,0.9664864864864864,0.6519999999999999
11,0.9487179487179488,0.8899999999999999
