month,disparate_impact
0,0.9267782426778243
1,0.9142561983471075
2,0.930672268907563
3,0.9041237113402062
4,0.9443254817987151
5,0.9367088607594938
6,0.922675026123302
7,0.9365750528541227
8,0.9314345991561181
9,0.9252631578947369
10,0.911340206185567
11,0.9361022364217253
