month,disparate_impact
0,0.9375661375661376
1,0.9124613800205974
2,0.9366420274551215
3,0.9532412327311371
4,0.928194297782471
5,0.943436499466382
6,0.9535135135135134
7,0.9320083682008369
8,0.9184726522187823
9,0.9439746300211417
10,0.9664864864864865
11,0.9487179487179487
