month,disparate_impact
0,0.9335443037974684
1,0.9158004158004158
2,0.931362196409715
3,0.911340206185567
4,0.957516339869281
5,0.9406150583244963
6,0.9344608879492601
7,0.947872340425532
8,0.9208333333333334
9,0.9414270500532482
10,0.9103092783505154
11,0.9417372881355933
