month,average_abs_odds_difference
0,0.9415
1,0.9495
2,0.9455
3,0.9735
4,0.782
5,0.9415
6,0.9465
7,0.919
8,0.9300000000000002
9,0.9025000000000001
10,0.7725
11,0.924
