month,DI_all_new_approved_applications,AOD_1000_random_approved_applications
0,0.91866527632951,0.9415
1,0.9158004158004158,0.9495
2,0.9033915724563208,0.9455
3,0.9015384615384616,0.9735
4,0.9227513227513228,0.782
5,0.9296956977964324,0.9415
6,0.930232558139535,0.9465
7,0.9295478443743428,0.919
8,0.9089026915113873,0.9300000000000002
9,0.9221052631578948,0.9025
10,0.8991853360488798,0.7725
11,0.9210526315789476,0.924
