month,disparate_impact
0,0.9186652763295099
1,0.9158004158004158
2,0.9033915724563207
3,0.9015384615384615
4,0.9227513227513228
5,0.9296956977964324
6,0.930232558139535
7,0.9295478443743429
8,0.9089026915113871
9,0.9221052631578948
10,0.8991853360488798
11,0.9210526315789475
